<?xml version="1.0" encoding="UTF-8"?>
<!DOCTYPE mapper PUBLIC "-//mybatis.org//DTD Mapper 3.0//EN" "http://mybatis.org/dtd/mybatis-3-mapper.dtd">
<mapper namespace="com.mallplus.marking.mapper.SmsFlashPromotionSessionMapper">

    <!-- 通用查询映射结果 -->
    <resultMap id="BaseResultMap" type="com.mallplus.marking.entity.SmsFlashPromotionSession">
        <id column="id" property="id" />
        <result column="name" property="name" />
        <result column="start_time" property="startTime" />
        <result column="end_time" property="endTime" />
        <result column="status" property="status" />
        <result column="create_time" property="createTime" />
    </resultMap>

    <!-- 通用查询结果列 -->
    <sql id="Base_Column_List">
        id, name, start_time, end_time, status, create_time
    </sql>

</mapper>
