<?xml version="1.0" encoding="UTF-8"?>
<!DOCTYPE mapper PUBLIC "-//mybatis.org//DTD Mapper 3.0//EN" "http://mybatis.org/dtd/mybatis-3-mapper.dtd">
<mapper namespace="com.mallplus.marking.mapper.SmsHomeRecommendSubjectMapper">

    <!-- 通用查询映射结果 -->
    <resultMap id="BaseResultMap" type="com.mallplus.marking.entity.SmsHomeRecommendSubject">
        <id column="id" property="id" />
        <result column="subject_id" property="subjectId" />
        <result column="subject_name" property="subjectName" />
        <result column="recommend_status" property="recommendStatus" />
        <result column="sort" property="sort" />
    </resultMap>

    <!-- 通用查询结果列 -->
    <sql id="Base_Column_List">
        id, subject_id, subject_name, recommend_status, sort
    </sql>

</mapper>
