<?xml version="1.0" encoding="UTF-8"?>
<!DOCTYPE mapper PUBLIC "-//mybatis.org//DTD Mapper 3.0//EN" "http://mybatis.org/dtd/mybatis-3-mapper.dtd">
<mapper namespace="com.mallplus.marking.mapper.SmsHomeBrandMapper">

    <!-- 通用查询映射结果 -->
    <resultMap id="BaseResultMap" type="com.mallplus.marking.entity.SmsHomeBrand">
        <id column="id" property="id" />
        <result column="brand_id" property="brandId" />
        <result column="brand_name" property="brandName" />
        <result column="recommend_status" property="recommendStatus" />
        <result column="sort" property="sort" />
    </resultMap>

    <!-- 通用查询结果列 -->
    <sql id="Base_Column_List">
        id, brand_id, brand_name, recommend_status, sort
    </sql>

</mapper>
