{
    "items":[{
        "id":1,
        "postId":1,
        "content":"这是评论的内容。。。",
        "date":"2016-09-09 12:00:09",
        "username":"大漠"
    },{
        "id":2,
        "postId":1,
        "content":"这是评论的内容。。。",
        "date":"2016-09-09 12:00:09",
        "username":"大漠2"
    },{
        "id":3,
        "postId":1,
        "content":"这是评论的内容。。。",
        "date":"2016-09-09 12:00:09",
        "username":"大漠3"
    }]
}