{
    "id": 1,
    "author": "大漠穷秋",
    "postTime": "2016-12-12 12:12:12",
    "readTimes": 999999,
    "commentTimes": 99999,
    "title": "从头了解光刻机",
    "text": "光刻是集成电路最重要的加工工艺，他的作用，如同金工车间中车床的作用。在整个芯片制造工艺中，几乎每个工艺的实施，都离不开光刻的技术。光刻也是制造芯片的最关键技术，他占芯片制造成本的35%以上。在如今的科技与社会发展中，光刻技术的增长，直接关系到大型计算机的运作等高科技领域。<br/><br/><p>测试渲染HTML标签。</p>光刻是集成电路最重要的加工工艺，他的作用，如同金工车间中车床的作用。在整个芯片制造工艺中，几乎每个工艺的实施，都离不开光刻的技术。光刻也是制造芯片的最关键技术，他占芯片制造成本的35%以上。在如今的科技与社会发展中，光刻技术的增长，直接关系到大型计算机的运作等高科技领域。<br/><br/><p>测试渲染HTML标签。</p>光刻是集成电路最重要的加工工艺，他的作用，如同金工车间中车床的作用。在整个芯片制造工艺中，几乎每个工艺的实施，都离不开光刻的技术。光刻也是制造芯片的最关键技术，他占芯片制造成本的35%以上。在如今的科技与社会发展中，光刻技术的增长，直接关系到大型计算机的运作等高科技领域。<br/><br/><p>测试渲染HTML标签。</p>光刻是集成电路最重要的加工工艺，他的作用，如同金工车间中车床的作用。在整个芯片制造工艺中，几乎每个工艺的实施，都离不开光刻的技术。光刻也是制造芯片的最关键技术，他占芯片制造成本的35%以上。在如今的科技与社会发展中，光刻技术的增长，直接关系到大型计算机的运作等高科技领域。<br/><br/><p>测试渲染HTML标签。</p>光刻是集成电路最重要的加工工艺，他的作用，如同金工车间中车床的作用。在整个芯片制造工艺中，几乎每个工艺的实施，都离不开光刻的技术。光刻也是制造芯片的最关键技术，他占芯片制造成本的35%以上。在如今的科技与社会发展中，光刻技术的增长，直接关系到大型计算机的运作等高科技领域。<br/><br/><p>测试渲染HTML标签。</p>光刻是集成电路最重要的加工工艺，他的作用，如同金工车间中车床的作用。在整个芯片制造工艺中，几乎每个工艺的实施，都离不开光刻的技术。光刻也是制造芯片的最关键技术，他占芯片制造成本的35%以上。在如今的科技与社会发展中，光刻技术的增长，直接关系到大型计算机的运作等高科技领域。<br/><br/><p>测试渲染HTML标签。</p>光刻是集成电路最重要的加工工艺，他的作用，如同金工车间中车床的作用。在整个芯片制造工艺中，几乎每个工艺的实施，都离不开光刻的技术。光刻也是制造芯片的最关键技术，他占芯片制造成本的35%以上。在如今的科技与社会发展中，光刻技术的增长，直接关系到大型计算机的运作等高科技领域。<br/><br/><p>测试渲染HTML标签。</p>光刻是集成电路最重要的加工工艺，他的作用，如同金工车间中车床的作用。在整个芯片制造工艺中，几乎每个工艺的实施，都离不开光刻的技术。光刻也是制造芯片的最关键技术，他占芯片制造成本的35%以上。在如今的科技与社会发展中，光刻技术的增长，直接关系到大型计算机的运作等高科技领域。<br/><br/><p>测试渲染HTML标签。</p>光刻是集成电路最重要的加工工艺，他的作用，如同金工车间中车床的作用。在整个芯片制造工艺中，几乎每个工艺的实施，都离不开光刻的技术。光刻也是制造芯片的最关键技术，他占芯片制造成本的35%以上。在如今的科技与社会发展中，光刻技术的增长，直接关系到大型计算机的运作等高科技领域。<br/><br/><p>测试渲染HTML标签。</p>光刻是集成电路最重要的加工工艺，他的作用，如同金工车间中车床的作用。在整个芯片制造工艺中，几乎每个工艺的实施，都离不开光刻的技术。光刻也是制造芯片的最关键技术，他占芯片制造成本的35%以上。在如今的科技与社会发展中，光刻技术的增长，直接关系到大型计算机的运作等高科技领域。<br/><br/><p>测试渲染HTML标签。</p>"
}