<?xml version="1.0" encoding="UTF-8"?>
<!DOCTYPE mapper PUBLIC "-//mybatis.org//DTD Mapper 3.0//EN" "http://mybatis.org/dtd/mybatis-3-mapper.dtd">
<mapper namespace="com.mallplus.cms.mapper.CmsHelpMapper">

    <!-- 通用查询映射结果 -->
    <resultMap id="BaseResultMap" type="com.mallplus.cms.entity.CmsHelp">
        <id column="id" property="id" />
        <result column="category_id" property="categoryId" />
        <result column="icon" property="icon" />
        <result column="title" property="title" />
        <result column="show_status" property="showStatus" />
        <result column="create_time" property="createTime" />
        <result column="read_count" property="readCount" />
        <result column="content" property="content" />
    </resultMap>

    <!-- 通用查询结果列 -->
    <sql id="Base_Column_List">
        id, category_id, icon, title, show_status, create_time, read_count, content
    </sql>

</mapper>
