<?xml version="1.0" encoding="UTF-8"?>
<!DOCTYPE mapper PUBLIC "-//mybatis.org//DTD Mapper 3.0//EN" "http://mybatis.org/dtd/mybatis-3-mapper.dtd">
<mapper namespace="com.mallplus.goods.mapper.PmsProductCategoryMapper">

    <!-- 通用查询映射结果 -->
    <resultMap id="BaseResultMap" type="com.mallplus.goods.entity.PmsProductCategory">
        <id column="id" property="id" />
        <result column="parent_id" property="parentId" />
        <result column="name" property="name" />
        <result column="level" property="level" />
        <result column="product_count" property="productCount" />
        <result column="product_unit" property="productUnit" />
        <result column="nav_status" property="navStatus" />
        <result column="show_status" property="showStatus" />
        <result column="sort" property="sort" />
        <result column="icon" property="icon" />
        <result column="keywords" property="keywords" />
        <result column="description" property="description" />
    </resultMap>

    <resultMap id="listWithChildrenMap" type="com.mallplus.goods.vo.PmsProductCategoryWithChildrenItem"
               extends="BaseResultMap">
        <collection property="children" resultMap="BaseResultMap"
                    columnPrefix="child_"></collection>
    </resultMap>
    <!-- 通用查询结果列 -->
    <sql id="Base_Column_List">
        id, parent_id, name, level, product_count, product_unit, nav_status, show_status, sort, icon, keywords, description
    </sql>

    <select id="listWithChildren" resultMap="listWithChildrenMap">
        select
        c1.id,
        c1.name,
        c2.id child_id,
        c2.name child_name
        from pms_product_category c1 left join pms_product_category c2 on c1.id = c2.parent_id
        where c1.parent_id = 0
    </select>
</mapper>
