<?xml version="1.0" encoding="UTF-8"?>
<!DOCTYPE mapper PUBLIC "-//mybatis.org//DTD Mapper 3.0//EN" "http://mybatis.org/dtd/mybatis-3-mapper.dtd">
<mapper namespace="com.mallplus.goods.mapper.PmsSkuStockMapper">

    <!-- 通用查询映射结果 -->
    <resultMap id="BaseResultMap" type="com.mallplus.goods.entity.PmsSkuStock">
        <id column="id" property="id" />
        <result column="product_id" property="productId" />
        <result column="sku_code" property="skuCode" />
        <result column="price" property="price" />
        <result column="stock" property="stock" />
        <result column="low_stock" property="lowStock" />
        <result column="sp1" property="sp1" />
        <result column="sp2" property="sp2" />
        <result column="sp3" property="sp3" />
        <result column="pic" property="pic" />
        <result column="sale" property="sale" />
        <result column="promotion_price" property="promotionPrice" />
        <result column="lock_stock" property="lockStock" />
    </resultMap>

    <!-- 通用查询结果列 -->
    <sql id="Base_Column_List">
        id, product_id, sku_code, price, stock, low_stock, sp1, sp2, sp3, pic, sale, promotion_price, lock_stock
    </sql>

    <insert id="replaceList">
        REPLACE INTO pms_sku_stock (id,product_id, sku_code, price, stock, low_stock, sp1, sp2, sp3, pic, sale) VALUES
        <foreach collection="list" item="item" index="index" separator=",">
            (#{item.id,jdbcType=BIGINT},
            #{item.productId,jdbcType=BIGINT},
            #{item.skuCode,jdbcType=VARCHAR},
            #{item.price,jdbcType=DECIMAL},
            #{item.stock,jdbcType=INTEGER},
            #{item.lowStock,jdbcType=INTEGER},
            #{item.sp1,jdbcType=VARCHAR},
            #{item.sp2,jdbcType=VARCHAR},
            #{item.sp3,jdbcType=VARCHAR},
            #{item.pic,jdbcType=VARCHAR},
            #{item.sale,jdbcType=INTEGER})
        </foreach>
    </insert>
</mapper>
