<project xmlns="http://maven.apache.org/POM/4.0.0" xmlns:xsi="http://www.w3.org/2001/XMLSchema-instance"
	xsi:schemaLocation="http://maven.apache.org/POM/4.0.0 http://maven.apache.org/xsd/maven-4.0.0.xsd">
	<modelVersion>4.0.0</modelVersion>
	<groupId>${group}</groupId>
	<artifactId>${project}</artifactId>
	<version>1.0</version>
	<properties>
		<java.version>1.8</java.version>
		<project.build.sourceEncoding>UTF-8</project.build.sourceEncoding>
		<commons-lang3.version>3.3.2</commons-lang3.version>
	</properties>
	
	<parent>
		<groupId>org.springframework.boot</groupId>
		<artifactId>spring-boot-starter-parent</artifactId>
		<version>2.1.0.RELEASE</version>
	</parent>
	<dependencies>
		<dependency>
			<groupId>com.ibeetl</groupId>
			<artifactId>admin-core</artifactId>
			<version>1.2.1</version>
		</dependency>
		<!--  admin-console 包含了系统管理管理的所有功能，子系统可以不使用这部分 -->
		<dependency>
			<groupId>com.ibeetl</groupId>
			<artifactId>admin-console</artifactId>
			<version>1.2.1</version>
		</dependency>

		<dependency>
			<groupId>mysql</groupId>
			<artifactId>mysql-connector-java</artifactId>
			<version>6.0.5</version>
		</dependency>
	</dependencies>
</project>