[
  {
    "name": "SharedModule",
    "file": "app/shared/shared.module.ts",
    "providers": [],
    "declarations": [
      {
        "name": "UserInfoComponent",
        "file": "user/user-info/user-info.component.ts",
        "selector": "user-info",
        "providers": [],
        "templateUrl": [
          "user-info.component.html"
        ],
        "styleUrls": [
          "user-info.component.scss"
        ],
        "__raw": [
          {
            "kind": 253,
            "pos": 113,
            "end": 142,
            "flags": 0,
            "name": {
              "kind": 69,
              "pos": 113,
              "end": 125,
              "flags": 0,
              "text": "selector"
            },
            "initializer": {
              "kind": 9,
              "pos": 126,
              "end": 142,
              "flags": 0,
              "text": "user-info"
            }
          },
          {
            "kind": 253,
            "pos": 143,
            "end": 188,
            "flags": 0,
            "name": {
              "kind": 69,
              "pos": 143,
              "end": 158,
              "flags": 0,
              "text": "templateUrl"
            },
            "initializer": {
              "kind": 9,
              "pos": 159,
              "end": 188,
              "flags": 0,
              "text": "./user-info.component.html"
            }
          },
          {
            "kind": 253,
            "pos": 189,
            "end": 234,
            "flags": 0,
            "name": {
              "kind": 69,
              "pos": 189,
              "end": 202,
              "flags": 0,
              "text": "styleUrls"
            },
            "initializer": {
              "kind": 170,
              "pos": 203,
              "end": 234,
              "flags": 0,
              "elements": [
                {
                  "kind": 9,
                  "pos": 205,
                  "end": 233,
                  "flags": 0,
                  "text": "./user-info.component.scss"
                }
              ]
            }
          }
        ]
      }
    ],
    "imports": [
      {
        "name": "CommonModule"
      },
      {
        "name": "TranslateModule"
      }
    ],
    "exports": [
      {
        "name": "CommonModule"
      },
      {
        "name": "FormsModule"
      },
      {
        "name": "UserInfoComponent"
      },
      {
        "name": "TranslateModule"
      }
    ],
    "bootstrap": [],
    "__raw": [
      {
        "kind": 253,
        "pos": 328,
        "end": 378,
        "flags": 0,
        "name": {
          "kind": 69,
          "pos": 328,
          "end": 339,
          "flags": 0,
          "text": "imports"
        },
        "initializer": {
          "kind": 170,
          "pos": 340,
          "end": 378,
          "flags": 0,
          "elements": [
            {
              "kind": 69,
              "pos": 347,
              "end": 360,
              "flags": 0,
              "text": "CommonModule"
            },
            {
              "kind": 69,
              "pos": 362,
              "end": 377,
              "flags": 0,
              "text": "TranslateModule"
            }
          ]
        }
      },
      {
        "kind": 253,
        "pos": 379,
        "end": 418,
        "flags": 0,
        "name": {
          "kind": 69,
          "pos": 379,
          "end": 395,
          "flags": 0,
          "text": "declarations"
        },
        "initializer": {
          "kind": 170,
          "pos": 396,
          "end": 418,
          "flags": 0,
          "elements": [
            {
              "kind": 69,
              "pos": 398,
              "end": 416,
              "flags": 0,
              "text": "UserInfoComponent"
            }
          ]
        }
      },
      {
        "kind": 253,
        "pos": 419,
        "end": 500,
        "flags": 0,
        "name": {
          "kind": 69,
          "pos": 419,
          "end": 430,
          "flags": 0,
          "text": "exports"
        },
        "initializer": {
          "kind": 170,
          "pos": 431,
          "end": 500,
          "flags": 0,
          "elements": [
            {
              "kind": 69,
              "pos": 438,
              "end": 451,
              "flags": 0,
              "text": "CommonModule"
            },
            {
              "kind": 69,
              "pos": 452,
              "end": 464,
              "flags": 0,
              "text": "FormsModule"
            },
            {
              "kind": 69,
              "pos": 465,
              "end": 482,
              "flags": 0,
              "text": "UserInfoComponent"
            },
            {
              "kind": 69,
              "pos": 484,
              "end": 499,
              "flags": 0,
              "text": "TranslateModule"
            }
          ]
        }
      }
    ]
  },
  {
    "name": "AppModule",
    "file": "src/app/app.module.ts",
    "providers": [
      {
        "name": "UserLoginService"
      },
      {
        "name": "UserRegisterService"
      },
      {
        "name": "ForgetPwdService"
      }
    ],
    "declarations": [
      {
        "name": "AppComponent",
        "file": "src/app/app.component.ts",
        "selector": "root",
        "providers": [],
        "templateUrl": [
          "app.component.html"
        ],
        "styleUrls": [
          "app.component.scss"
        ],
        "__raw": [
          {
            "kind": 253,
            "pos": 443,
            "end": 467,
            "flags": 0,
            "name": {
              "kind": 69,
              "pos": 443,
              "end": 455,
              "flags": 0,
              "text": "selector"
            },
            "initializer": {
              "kind": 9,
              "pos": 456,
              "end": 467,
              "flags": 0,
              "text": "root"
            }
          },
          {
            "kind": 253,
            "pos": 468,
            "end": 507,
            "flags": 0,
            "name": {
              "kind": 69,
              "pos": 468,
              "end": 483,
              "flags": 0,
              "text": "templateUrl"
            },
            "initializer": {
              "kind": 9,
              "pos": 484,
              "end": 507,
              "flags": 0,
              "text": "./app.component.html"
            }
          },
          {
            "kind": 253,
            "pos": 508,
            "end": 547,
            "flags": 0,
            "name": {
              "kind": 69,
              "pos": 508,
              "end": 521,
              "flags": 0,
              "text": "styleUrls"
            },
            "initializer": {
              "kind": 170,
              "pos": 522,
              "end": 547,
              "flags": 0,
              "elements": [
                {
                  "kind": 9,
                  "pos": 524,
                  "end": 546,
                  "flags": 0,
                  "text": "./app.component.scss"
                }
              ]
            }
          }
        ]
      },
      {
        "name": "UserLoginComponent",
        "file": "user/user-login/user-login.component.ts",
        "selector": "user-login",
        "providers": [],
        "templateUrl": [
          "user-login.component.html"
        ],
        "styleUrls": [
          "user-login.component.scss"
        ],
        "__raw": [
          {
            "kind": 253,
            "pos": 303,
            "end": 333,
            "flags": 0,
            "name": {
              "kind": 69,
              "pos": 303,
              "end": 315,
              "flags": 0,
              "text": "selector"
            },
            "initializer": {
              "kind": 9,
              "pos": 316,
              "end": 333,
              "flags": 0,
              "text": "user-login"
            }
          },
          {
            "kind": 253,
            "pos": 334,
            "end": 380,
            "flags": 0,
            "name": {
              "kind": 69,
              "pos": 334,
              "end": 349,
              "flags": 0,
              "text": "templateUrl"
            },
            "initializer": {
              "kind": 9,
              "pos": 350,
              "end": 380,
              "flags": 0,
              "text": "./user-login.component.html"
            }
          },
          {
            "kind": 253,
            "pos": 381,
            "end": 427,
            "flags": 0,
            "name": {
              "kind": 69,
              "pos": 381,
              "end": 394,
              "flags": 0,
              "text": "styleUrls"
            },
            "initializer": {
              "kind": 170,
              "pos": 395,
              "end": 427,
              "flags": 0,
              "elements": [
                {
                  "kind": 9,
                  "pos": 397,
                  "end": 426,
                  "flags": 0,
                  "text": "./user-login.component.scss"
                }
              ]
            }
          }
        ]
      },
      {
        "name": "ForgetPwdComponent",
        "file": "user/forget-pwd/forget-pwd.component.ts",
        "selector": "forget-pwd",
        "providers": [],
        "templateUrl": [
          "forget-pwd.component.html"
        ],
        "styleUrls": [
          "forget-pwd.component.scss"
        ],
        "__raw": [
          {
            "kind": 253,
            "pos": 171,
            "end": 201,
            "flags": 0,
            "name": {
              "kind": 69,
              "pos": 171,
              "end": 183,
              "flags": 0,
              "text": "selector"
            },
            "initializer": {
              "kind": 9,
              "pos": 184,
              "end": 201,
              "flags": 0,
              "text": "forget-pwd"
            }
          },
          {
            "kind": 253,
            "pos": 202,
            "end": 248,
            "flags": 0,
            "name": {
              "kind": 69,
              "pos": 202,
              "end": 217,
              "flags": 0,
              "text": "templateUrl"
            },
            "initializer": {
              "kind": 9,
              "pos": 218,
              "end": 248,
              "flags": 0,
              "text": "./forget-pwd.component.html"
            }
          },
          {
            "kind": 253,
            "pos": 249,
            "end": 295,
            "flags": 0,
            "name": {
              "kind": 69,
              "pos": 249,
              "end": 262,
              "flags": 0,
              "text": "styleUrls"
            },
            "initializer": {
              "kind": 170,
              "pos": 263,
              "end": 295,
              "flags": 0,
              "elements": [
                {
                  "kind": 9,
                  "pos": 265,
                  "end": 294,
                  "flags": 0,
                  "text": "./forget-pwd.component.scss"
                }
              ]
            }
          }
        ]
      },
      {
        "name": "UserRegisterComponent",
        "file": "user/user-register/user-register.component.ts",
        "selector": "user-register",
        "providers": [],
        "templateUrl": [
          "user-register.component.html"
        ],
        "styleUrls": [
          "user-register.component.scss"
        ],
        "__raw": [
          {
            "kind": 253,
            "pos": 306,
            "end": 339,
            "flags": 0,
            "name": {
              "kind": 69,
              "pos": 306,
              "end": 318,
              "flags": 0,
              "text": "selector"
            },
            "initializer": {
              "kind": 9,
              "pos": 319,
              "end": 339,
              "flags": 0,
              "text": "user-register"
            }
          },
          {
            "kind": 253,
            "pos": 340,
            "end": 389,
            "flags": 0,
            "name": {
              "kind": 69,
              "pos": 340,
              "end": 355,
              "flags": 0,
              "text": "templateUrl"
            },
            "initializer": {
              "kind": 9,
              "pos": 356,
              "end": 389,
              "flags": 0,
              "text": "./user-register.component.html"
            }
          },
          {
            "kind": 253,
            "pos": 390,
            "end": 439,
            "flags": 0,
            "name": {
              "kind": 69,
              "pos": 390,
              "end": 403,
              "flags": 0,
              "text": "styleUrls"
            },
            "initializer": {
              "kind": 170,
              "pos": 404,
              "end": 439,
              "flags": 0,
              "elements": [
                {
                  "kind": 9,
                  "pos": 406,
                  "end": 438,
                  "flags": 0,
                  "text": "./user-register.component.scss"
                }
              ]
            }
          }
        ]
      },
      {
        "name": "EqualValidator"
      }
    ],
    "imports": [
      {
        "name": "BrowserModule"
      },
      {
        "name": "RouterModule"
      },
      {
        "name": "ReactiveFormsModule"
      },
      {
        "name": "HttpModule"
      },
      {
        "name": "JsonpModule"
      },
      {
        "ns": "TranslateModule",
        "name": "TranslateModule.forRoot(args)"
      },
      {
        "name": "SharedModule"
      },
      {
        "ns": "RouterModule",
        "name": "RouterModule.forRoot(args)"
      }
    ],
    "exports": [],
    "bootstrap": [
      {
        "name": "AppComponent"
      }
    ],
    "__raw": [
      {
        "kind": 253,
        "pos": 1220,
        "end": 1361,
        "flags": 0,
        "name": {
          "kind": 69,
          "pos": 1220,
          "end": 1236,
          "flags": 0,
          "text": "declarations"
        },
        "initializer": {
          "kind": 170,
          "pos": 1237,
          "end": 1361,
          "flags": 0,
          "multiLine": true,
          "elements": [
            {
              "kind": 69,
              "pos": 1239,
              "end": 1257,
              "flags": 0,
              "text": "AppComponent"
            },
            {
              "kind": 69,
              "pos": 1258,
              "end": 1282,
              "flags": 0,
              "text": "UserLoginComponent"
            },
            {
              "kind": 69,
              "pos": 1283,
              "end": 1307,
              "flags": 0,
              "text": "ForgetPwdComponent"
            },
            {
              "kind": 69,
              "pos": 1308,
              "end": 1335,
              "flags": 0,
              "text": "UserRegisterComponent"
            },
            {
              "kind": 69,
              "pos": 1336,
              "end": 1356,
              "flags": 0,
              "text": "EqualValidator"
            }
          ]
        }
      },
      {
        "kind": 253,
        "pos": 1362,
        "end": 1674,
        "flags": 0,
        "name": {
          "kind": 69,
          "pos": 1362,
          "end": 1373,
          "flags": 0,
          "text": "imports"
        },
        "initializer": {
          "kind": 170,
          "pos": 1374,
          "end": 1674,
          "flags": 0,
          "multiLine": true,
          "elements": [
            {
              "kind": 69,
              "pos": 1376,
              "end": 1395,
              "flags": 0,
              "text": "BrowserModule"
            },
            {
              "kind": 69,
              "pos": 1396,
              "end": 1414,
              "flags": 0,
              "text": "RouterModule"
            },
            {
              "kind": 69,
              "pos": 1415,
              "end": 1440,
              "flags": 0,
              "text": "ReactiveFormsModule"
            },
            {
              "kind": 69,
              "pos": 1441,
              "end": 1457,
              "flags": 0,
              "text": "HttpModule"
            },
            {
              "kind": 69,
              "pos": 1458,
              "end": 1475,
              "flags": 0,
              "text": "JsonpModule"
            },
            {
              "kind": 174,
              "pos": 1476,
              "end": 1612,
              "flags": 0,
              "expression": {
                "kind": 172,
                "pos": 1476,
                "end": 1505,
                "flags": 0,
                "expression": {
                  "kind": 69,
                  "pos": 1476,
                  "end": 1497,
                  "flags": 0,
                  "text": "TranslateModule"
                },
                "name": {
                  "kind": 69,
                  "pos": 1498,
                  "end": 1505,
                  "flags": 0,
                  "text": "forRoot"
                }
              },
              "arguments": [
                {
                  "kind": 171,
                  "pos": 1506,
                  "end": 1611,
                  "flags": 0,
                  "multiLine": true,
                  "properties": [
                    {
                      "kind": 253,
                      "pos": 1507,
                      "end": 1539,
                      "flags": 0,
                      "name": {
                        "kind": 69,
                        "pos": 1507,
                        "end": 1522,
                        "flags": 0,
                        "text": "provide"
                      },
                      "initializer": {
                        "kind": 69,
                        "pos": 1523,
                        "end": 1539,
                        "flags": 0,
                        "text": "TranslateLoader"
                      }
                    },
                    {
                      "kind": 253,
                      "pos": 1540,
                      "end": 1583,
                      "flags": 0,
                      "name": {
                        "kind": 69,
                        "pos": 1540,
                        "end": 1558,
                        "flags": 0,
                        "text": "useFactory"
                      },
                      "initializer": {
                        "kind": 178,
                        "pos": 1559,
                        "end": 1583,
                        "flags": 0,
                        "expression": {
                          "kind": 69,
                          "pos": 1561,
                          "end": 1582,
                          "flags": 0,
                          "text": "createTranslateLoader"
                        }
                      }
                    },
                    {
                      "kind": 253,
                      "pos": 1584,
                      "end": 1604,
                      "flags": 0,
                      "name": {
                        "kind": 69,
                        "pos": 1584,
                        "end": 1596,
                        "flags": 0,
                        "text": "deps"
                      },
                      "initializer": {
                        "kind": 170,
                        "pos": 1597,
                        "end": 1604,
                        "flags": 0,
                        "elements": [
                          {
                            "kind": 69,
                            "pos": 1599,
                            "end": 1603,
                            "flags": 0,
                            "text": "Http"
                          }
                        ]
                      }
                    }
                  ]
                }
              ]
            },
            {
              "kind": 69,
              "pos": 1613,
              "end": 1631,
              "flags": 0,
              "text": "SharedModule"
            },
            {
              "kind": 174,
              "pos": 1632,
              "end": 1669,
              "flags": 0,
              "expression": {
                "kind": 172,
                "pos": 1632,
                "end": 1658,
                "flags": 0,
                "expression": {
                  "kind": 69,
                  "pos": 1632,
                  "end": 1650,
                  "flags": 0,
                  "text": "RouterModule"
                },
                "name": {
                  "kind": 69,
                  "pos": 1651,
                  "end": 1658,
                  "flags": 0,
                  "text": "forRoot"
                }
              },
              "arguments": [
                {
                  "kind": 69,
                  "pos": 1659,
                  "end": 1668,
                  "flags": 0,
                  "text": "appRoutes"
                }
              ]
            }
          ]
        }
      },
      {
        "kind": 253,
        "pos": 1675,
        "end": 1767,
        "flags": 0,
        "name": {
          "kind": 69,
          "pos": 1675,
          "end": 1688,
          "flags": 0,
          "text": "providers"
        },
        "initializer": {
          "kind": 170,
          "pos": 1689,
          "end": 1767,
          "flags": 0,
          "multiLine": true,
          "elements": [
            {
              "kind": 69,
              "pos": 1691,
              "end": 1713,
              "flags": 0,
              "text": "UserLoginService"
            },
            {
              "kind": 69,
              "pos": 1714,
              "end": 1739,
              "flags": 0,
              "text": "UserRegisterService"
            },
            {
              "kind": 69,
              "pos": 1740,
              "end": 1762,
              "flags": 0,
              "text": "ForgetPwdService"
            }
          ]
        }
      },
      {
        "kind": 253,
        "pos": 1768,
        "end": 1797,
        "flags": 0,
        "name": {
          "kind": 69,
          "pos": 1768,
          "end": 1781,
          "flags": 0,
          "text": "bootstrap"
        },
        "initializer": {
          "kind": 170,
          "pos": 1782,
          "end": 1797,
          "flags": 0,
          "elements": [
            {
              "kind": 69,
              "pos": 1784,
              "end": 1796,
              "flags": 0,
              "text": "AppComponent"
            }
          ]
        }
      }
    ]
  },
  {
    "name": "HomeModule",
    "file": "app/home/home.module.ts",
    "providers": [],
    "declarations": [
      {
        "name": "HomeComponent",
        "file": "app/home/home.component.ts",
        "selector": "home",
        "providers": [],
        "templateUrl": [
          "home.component.html"
        ],
        "styleUrls": [
          "home.component.scss"
        ],
        "__raw": [
          {
            "kind": 253,
            "pos": 112,
            "end": 136,
            "flags": 0,
            "name": {
              "kind": 69,
              "pos": 112,
              "end": 124,
              "flags": 0,
              "text": "selector"
            },
            "initializer": {
              "kind": 9,
              "pos": 125,
              "end": 136,
              "flags": 0,
              "text": "home"
            }
          },
          {
            "kind": 253,
            "pos": 137,
            "end": 177,
            "flags": 0,
            "name": {
              "kind": 69,
              "pos": 137,
              "end": 152,
              "flags": 0,
              "text": "templateUrl"
            },
            "initializer": {
              "kind": 9,
              "pos": 153,
              "end": 177,
              "flags": 0,
              "text": "./home.component.html"
            }
          },
          {
            "kind": 253,
            "pos": 178,
            "end": 218,
            "flags": 0,
            "name": {
              "kind": 69,
              "pos": 178,
              "end": 191,
              "flags": 0,
              "text": "styleUrls"
            },
            "initializer": {
              "kind": 170,
              "pos": 192,
              "end": 218,
              "flags": 0,
              "elements": [
                {
                  "kind": 9,
                  "pos": 194,
                  "end": 217,
                  "flags": 0,
                  "text": "./home.component.scss"
                }
              ]
            }
          },
          {
            "kind": 253,
            "pos": 219,
            "end": 252,
            "flags": 0,
            "name": {
              "kind": 69,
              "pos": 219,
              "end": 233,
              "flags": 0,
              "text": "animations"
            },
            "initializer": {
              "kind": 170,
              "pos": 234,
              "end": 252,
              "flags": 0,
              "multiLine": true,
              "elements": [
                {
                  "kind": 69,
                  "pos": 236,
                  "end": 247,
                  "flags": 0,
                  "text": "flyIn"
                }
              ]
            }
          }
        ]
      },
      {
        "name": "SocialChannelComponent",
        "file": "home/social-channel/social-channel.component.ts",
        "selector": "social-channel",
        "providers": [],
        "templateUrl": [
          "social-channel.component.html"
        ],
        "styleUrls": [
          "social-channel.component.scss"
        ],
        "__raw": [
          {
            "kind": 253,
            "pos": 66,
            "end": 100,
            "flags": 0,
            "name": {
              "kind": 69,
              "pos": 66,
              "end": 78,
              "flags": 0,
              "text": "selector"
            },
            "initializer": {
              "kind": 9,
              "pos": 79,
              "end": 100,
              "flags": 0,
              "text": "social-channel"
            }
          },
          {
            "kind": 253,
            "pos": 101,
            "end": 151,
            "flags": 0,
            "name": {
              "kind": 69,
              "pos": 101,
              "end": 116,
              "flags": 0,
              "text": "templateUrl"
            },
            "initializer": {
              "kind": 9,
              "pos": 117,
              "end": 151,
              "flags": 0,
              "text": "./social-channel.component.html"
            }
          },
          {
            "kind": 253,
            "pos": 152,
            "end": 202,
            "flags": 0,
            "name": {
              "kind": 69,
              "pos": 152,
              "end": 165,
              "flags": 0,
              "text": "styleUrls"
            },
            "initializer": {
              "kind": 170,
              "pos": 166,
              "end": 202,
              "flags": 0,
              "elements": [
                {
                  "kind": 9,
                  "pos": 168,
                  "end": 201,
                  "flags": 0,
                  "text": "./social-channel.component.scss"
                }
              ]
            }
          }
        ]
      },
      {
        "name": "SitestatComponent",
        "file": "app/sitestat/sitestat.component.ts",
        "selector": "sitestat",
        "providers": [],
        "templateUrl": [
          "sitestat.component.html"
        ],
        "styleUrls": [
          "sitestat.component.scss"
        ],
        "__raw": [
          {
            "kind": 253,
            "pos": 66,
            "end": 94,
            "flags": 0,
            "name": {
              "kind": 69,
              "pos": 66,
              "end": 78,
              "flags": 0,
              "text": "selector"
            },
            "initializer": {
              "kind": 9,
              "pos": 79,
              "end": 94,
              "flags": 0,
              "text": "sitestat"
            }
          },
          {
            "kind": 253,
            "pos": 95,
            "end": 139,
            "flags": 0,
            "name": {
              "kind": 69,
              "pos": 95,
              "end": 110,
              "flags": 0,
              "text": "templateUrl"
            },
            "initializer": {
              "kind": 9,
              "pos": 111,
              "end": 139,
              "flags": 0,
              "text": "./sitestat.component.html"
            }
          },
          {
            "kind": 253,
            "pos": 140,
            "end": 184,
            "flags": 0,
            "name": {
              "kind": 69,
              "pos": 140,
              "end": 153,
              "flags": 0,
              "text": "styleUrls"
            },
            "initializer": {
              "kind": 170,
              "pos": 154,
              "end": 184,
              "flags": 0,
              "elements": [
                {
                  "kind": 9,
                  "pos": 156,
                  "end": 183,
                  "flags": 0,
                  "text": "./sitestat.component.scss"
                }
              ]
            }
          }
        ]
      },
      {
        "name": "OnlineContactComponent",
        "file": "home/online-contact/online-contact.component.ts",
        "selector": "online-contact",
        "providers": [],
        "templateUrl": [
          "online-contact.component.html"
        ],
        "styleUrls": [
          "online-contact.component.scss"
        ],
        "__raw": [
          {
            "kind": 253,
            "pos": 66,
            "end": 100,
            "flags": 0,
            "name": {
              "kind": 69,
              "pos": 66,
              "end": 78,
              "flags": 0,
              "text": "selector"
            },
            "initializer": {
              "kind": 9,
              "pos": 79,
              "end": 100,
              "flags": 0,
              "text": "online-contact"
            }
          },
          {
            "kind": 253,
            "pos": 101,
            "end": 151,
            "flags": 0,
            "name": {
              "kind": 69,
              "pos": 101,
              "end": 116,
              "flags": 0,
              "text": "templateUrl"
            },
            "initializer": {
              "kind": 9,
              "pos": 117,
              "end": 151,
              "flags": 0,
              "text": "./online-contact.component.html"
            }
          },
          {
            "kind": 253,
            "pos": 152,
            "end": 202,
            "flags": 0,
            "name": {
              "kind": 69,
              "pos": 152,
              "end": 165,
              "flags": 0,
              "text": "styleUrls"
            },
            "initializer": {
              "kind": 170,
              "pos": 166,
              "end": 202,
              "flags": 0,
              "elements": [
                {
                  "kind": 9,
                  "pos": 168,
                  "end": 201,
                  "flags": 0,
                  "text": "./online-contact.component.scss"
                }
              ]
            }
          }
        ]
      }
    ],
    "imports": [
      {
        "name": "SharedModule"
      },
      {
        "ns": "RouterModule",
        "name": "RouterModule.forChild(args)"
      }
    ],
    "exports": [],
    "bootstrap": [],
    "__raw": [
      {
        "kind": 253,
        "pos": 499,
        "end": 589,
        "flags": 0,
        "name": {
          "kind": 69,
          "pos": 499,
          "end": 512,
          "flags": 0,
          "text": "imports"
        },
        "initializer": {
          "kind": 170,
          "pos": 513,
          "end": 589,
          "flags": 0,
          "multiLine": true,
          "elements": [
            {
              "kind": 69,
              "pos": 515,
              "end": 537,
              "flags": 0,
              "text": "SharedModule"
            },
            {
              "kind": 174,
              "pos": 538,
              "end": 582,
              "flags": 0,
              "expression": {
                "kind": 172,
                "pos": 538,
                "end": 570,
                "flags": 0,
                "expression": {
                  "kind": 69,
                  "pos": 538,
                  "end": 561,
                  "flags": 0,
                  "text": "RouterModule"
                },
                "name": {
                  "kind": 69,
                  "pos": 562,
                  "end": 570,
                  "flags": 0,
                  "text": "forChild"
                }
              },
              "arguments": [
                {
                  "kind": 69,
                  "pos": 571,
                  "end": 581,
                  "flags": 0,
                  "text": "homeRoutes"
                }
              ]
            }
          ]
        }
      },
      {
        "kind": 253,
        "pos": 590,
        "end": 607,
        "flags": 0,
        "name": {
          "kind": 69,
          "pos": 590,
          "end": 603,
          "flags": 0,
          "text": "exports"
        },
        "initializer": {
          "kind": 170,
          "pos": 604,
          "end": 607,
          "flags": 0,
          "elements": []
        }
      },
      {
        "kind": 253,
        "pos": 608,
        "end": 753,
        "flags": 0,
        "name": {
          "kind": 69,
          "pos": 608,
          "end": 626,
          "flags": 0,
          "text": "declarations"
        },
        "initializer": {
          "kind": 170,
          "pos": 627,
          "end": 753,
          "flags": 0,
          "multiLine": true,
          "elements": [
            {
              "kind": 69,
              "pos": 629,
              "end": 652,
              "flags": 0,
              "text": "HomeComponent"
            },
            {
              "kind": 69,
              "pos": 653,
              "end": 685,
              "flags": 0,
              "text": "SocialChannelComponent"
            },
            {
              "kind": 69,
              "pos": 686,
              "end": 713,
              "flags": 0,
              "text": "SitestatComponent"
            },
            {
              "kind": 69,
              "pos": 714,
              "end": 746,
              "flags": 0,
              "text": "OnlineContactComponent"
            }
          ]
        }
      },
      {
        "kind": 253,
        "pos": 754,
        "end": 773,
        "flags": 0,
        "name": {
          "kind": 69,
          "pos": 754,
          "end": 769,
          "flags": 0,
          "text": "providers"
        },
        "initializer": {
          "kind": 170,
          "pos": 770,
          "end": 773,
          "flags": 0,
          "elements": []
        }
      }
    ]
  },
  {
    "name": "PostSharedModule",
    "file": "app/shared/post.module.ts",
    "providers": [],
    "declarations": [
      {
        "name": "CommentTableComponent",
        "file": "manage/comment-table/comment-table.component.ts",
        "selector": "comment-table",
        "providers": [],
        "templateUrl": [
          "comment-table.component.html"
        ],
        "styleUrls": [
          "comment-table.component.scss"
        ],
        "__raw": [
          {
            "kind": 253,
            "pos": 228,
            "end": 261,
            "flags": 0,
            "name": {
              "kind": 69,
              "pos": 228,
              "end": 240,
              "flags": 0,
              "text": "selector"
            },
            "initializer": {
              "kind": 9,
              "pos": 241,
              "end": 261,
              "flags": 0,
              "text": "comment-table"
            }
          },
          {
            "kind": 253,
            "pos": 262,
            "end": 311,
            "flags": 0,
            "name": {
              "kind": 69,
              "pos": 262,
              "end": 277,
              "flags": 0,
              "text": "templateUrl"
            },
            "initializer": {
              "kind": 9,
              "pos": 278,
              "end": 311,
              "flags": 0,
              "text": "./comment-table.component.html"
            }
          },
          {
            "kind": 253,
            "pos": 312,
            "end": 361,
            "flags": 0,
            "name": {
              "kind": 69,
              "pos": 312,
              "end": 325,
              "flags": 0,
              "text": "styleUrls"
            },
            "initializer": {
              "kind": 170,
              "pos": 326,
              "end": 361,
              "flags": 0,
              "elements": [
                {
                  "kind": 9,
                  "pos": 328,
                  "end": 360,
                  "flags": 0,
                  "text": "./comment-table.component.scss"
                }
              ]
            }
          },
          {
            "kind": 253,
            "pos": 362,
            "end": 395,
            "flags": 0,
            "name": {
              "kind": 69,
              "pos": 362,
              "end": 376,
              "flags": 0,
              "text": "animations"
            },
            "initializer": {
              "kind": 170,
              "pos": 377,
              "end": 395,
              "flags": 0,
              "multiLine": true,
              "elements": [
                {
                  "kind": 69,
                  "pos": 379,
                  "end": 390,
                  "flags": 0,
                  "text": "flyIn"
                }
              ]
            }
          }
        ]
      },
      {
        "name": "PostTableComponent",
        "file": "manage/post-table/post-table.component.ts",
        "selector": "post-table",
        "providers": [],
        "templateUrl": [
          "post-table.component.html"
        ],
        "styleUrls": [
          "post-table.component.scss"
        ],
        "__raw": [
          {
            "kind": 253,
            "pos": 302,
            "end": 332,
            "flags": 0,
            "name": {
              "kind": 69,
              "pos": 302,
              "end": 314,
              "flags": 0,
              "text": "selector"
            },
            "initializer": {
              "kind": 9,
              "pos": 315,
              "end": 332,
              "flags": 0,
              "text": "post-table"
            }
          },
          {
            "kind": 253,
            "pos": 333,
            "end": 379,
            "flags": 0,
            "name": {
              "kind": 69,
              "pos": 333,
              "end": 348,
              "flags": 0,
              "text": "templateUrl"
            },
            "initializer": {
              "kind": 9,
              "pos": 349,
              "end": 379,
              "flags": 0,
              "text": "./post-table.component.html"
            }
          },
          {
            "kind": 253,
            "pos": 380,
            "end": 426,
            "flags": 0,
            "name": {
              "kind": 69,
              "pos": 380,
              "end": 393,
              "flags": 0,
              "text": "styleUrls"
            },
            "initializer": {
              "kind": 170,
              "pos": 394,
              "end": 426,
              "flags": 0,
              "elements": [
                {
                  "kind": 9,
                  "pos": 396,
                  "end": 425,
                  "flags": 0,
                  "text": "./post-table.component.scss"
                }
              ]
            }
          },
          {
            "kind": 253,
            "pos": 427,
            "end": 460,
            "flags": 0,
            "name": {
              "kind": 69,
              "pos": 427,
              "end": 441,
              "flags": 0,
              "text": "animations"
            },
            "initializer": {
              "kind": 170,
              "pos": 442,
              "end": 460,
              "flags": 0,
              "multiLine": true,
              "elements": [
                {
                  "kind": 69,
                  "pos": 444,
                  "end": 455,
                  "flags": 0,
                  "text": "flyIn"
                }
              ]
            }
          }
        ]
      }
    ],
    "imports": [
      {
        "name": "CommonModule"
      },
      {
        "name": "FormsModule"
      },
      {
        "name": "SharedModule"
      },
      {
        "ns": "ModalModule",
        "name": "ModalModule.forRoot()"
      },
      {
        "ns": "PaginationModule",
        "name": "PaginationModule.forRoot()"
      }
    ],
    "exports": [
      {
        "name": "CommonModule"
      },
      {
        "name": "FormsModule"
      },
      {
        "name": "ModalModule"
      },
      {
        "name": "PaginationModule"
      },
      {
        "name": "CommentTableComponent"
      },
      {
        "name": "PostTableComponent"
      }
    ],
    "bootstrap": [],
    "__raw": [
      {
        "kind": 253,
        "pos": 473,
        "end": 605,
        "flags": 0,
        "name": {
          "kind": 69,
          "pos": 473,
          "end": 484,
          "flags": 0,
          "text": "imports"
        },
        "initializer": {
          "kind": 170,
          "pos": 485,
          "end": 605,
          "flags": 0,
          "multiLine": true,
          "elements": [
            {
              "kind": 69,
              "pos": 486,
              "end": 504,
              "flags": 0,
              "text": "CommonModule"
            },
            {
              "kind": 69,
              "pos": 505,
              "end": 521,
              "flags": 0,
              "text": "FormsModule"
            },
            {
              "kind": 69,
              "pos": 522,
              "end": 540,
              "flags": 0,
              "text": "SharedModule"
            },
            {
              "kind": 174,
              "pos": 541,
              "end": 568,
              "flags": 0,
              "expression": {
                "kind": 172,
                "pos": 541,
                "end": 566,
                "flags": 0,
                "expression": {
                  "kind": 69,
                  "pos": 541,
                  "end": 558,
                  "flags": 0,
                  "text": "ModalModule"
                },
                "name": {
                  "kind": 69,
                  "pos": 559,
                  "end": 566,
                  "flags": 0,
                  "text": "forRoot"
                }
              },
              "arguments": []
            },
            {
              "kind": 174,
              "pos": 569,
              "end": 600,
              "flags": 0,
              "expression": {
                "kind": 172,
                "pos": 569,
                "end": 598,
                "flags": 0,
                "expression": {
                  "kind": 69,
                  "pos": 569,
                  "end": 590,
                  "flags": 0,
                  "text": "PaginationModule"
                },
                "name": {
                  "kind": 69,
                  "pos": 591,
                  "end": 598,
                  "flags": 0,
                  "text": "forRoot"
                }
              },
              "arguments": []
            }
          ]
        }
      },
      {
        "kind": 253,
        "pos": 606,
        "end": 681,
        "flags": 0,
        "name": {
          "kind": 69,
          "pos": 606,
          "end": 622,
          "flags": 0,
          "text": "declarations"
        },
        "initializer": {
          "kind": 170,
          "pos": 623,
          "end": 681,
          "flags": 0,
          "multiLine": true,
          "elements": [
            {
              "kind": 69,
              "pos": 624,
              "end": 651,
              "flags": 0,
              "text": "CommentTableComponent"
            },
            {
              "kind": 69,
              "pos": 652,
              "end": 676,
              "flags": 0,
              "text": "PostTableComponent"
            }
          ]
        }
      },
      {
        "kind": 253,
        "pos": 682,
        "end": 828,
        "flags": 0,
        "name": {
          "kind": 69,
          "pos": 682,
          "end": 693,
          "flags": 0,
          "text": "exports"
        },
        "initializer": {
          "kind": 170,
          "pos": 694,
          "end": 828,
          "flags": 0,
          "multiLine": true,
          "elements": [
            {
              "kind": 69,
              "pos": 695,
              "end": 713,
              "flags": 0,
              "text": "CommonModule"
            },
            {
              "kind": 69,
              "pos": 714,
              "end": 730,
              "flags": 0,
              "text": "FormsModule"
            },
            {
              "kind": 69,
              "pos": 731,
              "end": 748,
              "flags": 0,
              "text": "ModalModule"
            },
            {
              "kind": 69,
              "pos": 749,
              "end": 770,
              "flags": 0,
              "text": "PaginationModule"
            },
            {
              "kind": 69,
              "pos": 771,
              "end": 797,
              "flags": 0,
              "text": "CommentTableComponent"
            },
            {
              "kind": 69,
              "pos": 798,
              "end": 822,
              "flags": 0,
              "text": "PostTableComponent"
            }
          ]
        }
      }
    ]
  },
  {
    "name": "ManageModule",
    "file": "app/manage/manage.module.ts",
    "providers": [
      {
        "name": "PostTableService"
      }
    ],
    "declarations": [
      {
        "name": "ManageMainComponent",
        "file": "manage/manage-main/manage-main.component.ts",
        "selector": "manage-main",
        "providers": [],
        "templateUrl": [
          "manage-main.component.html"
        ],
        "styleUrls": [
          "manage-main.component.scss"
        ],
        "__raw": [
          {
            "kind": 253,
            "pos": 115,
            "end": 146,
            "flags": 0,
            "name": {
              "kind": 69,
              "pos": 115,
              "end": 127,
              "flags": 0,
              "text": "selector"
            },
            "initializer": {
              "kind": 9,
              "pos": 128,
              "end": 146,
              "flags": 0,
              "text": "manage-main"
            }
          },
          {
            "kind": 253,
            "pos": 147,
            "end": 194,
            "flags": 0,
            "name": {
              "kind": 69,
              "pos": 147,
              "end": 162,
              "flags": 0,
              "text": "templateUrl"
            },
            "initializer": {
              "kind": 9,
              "pos": 163,
              "end": 194,
              "flags": 0,
              "text": "./manage-main.component.html"
            }
          },
          {
            "kind": 253,
            "pos": 195,
            "end": 242,
            "flags": 0,
            "name": {
              "kind": 69,
              "pos": 195,
              "end": 208,
              "flags": 0,
              "text": "styleUrls"
            },
            "initializer": {
              "kind": 170,
              "pos": 209,
              "end": 242,
              "flags": 0,
              "elements": [
                {
                  "kind": 9,
                  "pos": 211,
                  "end": 241,
                  "flags": 0,
                  "text": "./manage-main.component.scss"
                }
              ]
            }
          },
          {
            "kind": 253,
            "pos": 243,
            "end": 276,
            "flags": 0,
            "name": {
              "kind": 69,
              "pos": 243,
              "end": 257,
              "flags": 0,
              "text": "animations"
            },
            "initializer": {
              "kind": 170,
              "pos": 258,
              "end": 276,
              "flags": 0,
              "multiLine": true,
              "elements": [
                {
                  "kind": 69,
                  "pos": 260,
                  "end": 271,
                  "flags": 0,
                  "text": "flyIn"
                }
              ]
            }
          }
        ]
      },
      {
        "name": "UserTableComponent",
        "file": "manage/user-table/user-table.component.ts",
        "selector": "user-table",
        "providers": [],
        "templateUrl": [
          "user-table.component.html"
        ],
        "styleUrls": [
          "user-table.component.scss"
        ],
        "__raw": [
          {
            "kind": 253,
            "pos": 174,
            "end": 204,
            "flags": 0,
            "name": {
              "kind": 69,
              "pos": 174,
              "end": 186,
              "flags": 0,
              "text": "selector"
            },
            "initializer": {
              "kind": 9,
              "pos": 187,
              "end": 204,
              "flags": 0,
              "text": "user-table"
            }
          },
          {
            "kind": 253,
            "pos": 205,
            "end": 251,
            "flags": 0,
            "name": {
              "kind": 69,
              "pos": 205,
              "end": 220,
              "flags": 0,
              "text": "templateUrl"
            },
            "initializer": {
              "kind": 9,
              "pos": 221,
              "end": 251,
              "flags": 0,
              "text": "./user-table.component.html"
            }
          },
          {
            "kind": 253,
            "pos": 252,
            "end": 298,
            "flags": 0,
            "name": {
              "kind": 69,
              "pos": 252,
              "end": 265,
              "flags": 0,
              "text": "styleUrls"
            },
            "initializer": {
              "kind": 170,
              "pos": 266,
              "end": 298,
              "flags": 0,
              "elements": [
                {
                  "kind": 9,
                  "pos": 268,
                  "end": 297,
                  "flags": 0,
                  "text": "./user-table.component.scss"
                }
              ]
            }
          },
          {
            "kind": 253,
            "pos": 299,
            "end": 332,
            "flags": 0,
            "name": {
              "kind": 69,
              "pos": 299,
              "end": 313,
              "flags": 0,
              "text": "animations"
            },
            "initializer": {
              "kind": 170,
              "pos": 314,
              "end": 332,
              "flags": 0,
              "multiLine": true,
              "elements": [
                {
                  "kind": 69,
                  "pos": 316,
                  "end": 327,
                  "flags": 0,
                  "text": "flyIn"
                }
              ]
            }
          }
        ]
      },
      {
        "name": "SysParamComponent",
        "file": "manage/sys-param/sys-param.component.ts",
        "selector": "sys-param",
        "providers": [],
        "templateUrl": [
          "sys-param.component.html"
        ],
        "styleUrls": [
          "sys-param.component.scss"
        ],
        "__raw": [
          {
            "kind": 253,
            "pos": 115,
            "end": 144,
            "flags": 0,
            "name": {
              "kind": 69,
              "pos": 115,
              "end": 127,
              "flags": 0,
              "text": "selector"
            },
            "initializer": {
              "kind": 9,
              "pos": 128,
              "end": 144,
              "flags": 0,
              "text": "sys-param"
            }
          },
          {
            "kind": 253,
            "pos": 145,
            "end": 190,
            "flags": 0,
            "name": {
              "kind": 69,
              "pos": 145,
              "end": 160,
              "flags": 0,
              "text": "templateUrl"
            },
            "initializer": {
              "kind": 9,
              "pos": 161,
              "end": 190,
              "flags": 0,
              "text": "./sys-param.component.html"
            }
          },
          {
            "kind": 253,
            "pos": 191,
            "end": 236,
            "flags": 0,
            "name": {
              "kind": 69,
              "pos": 191,
              "end": 204,
              "flags": 0,
              "text": "styleUrls"
            },
            "initializer": {
              "kind": 170,
              "pos": 205,
              "end": 236,
              "flags": 0,
              "elements": [
                {
                  "kind": 9,
                  "pos": 207,
                  "end": 235,
                  "flags": 0,
                  "text": "./sys-param.component.scss"
                }
              ]
            }
          },
          {
            "kind": 253,
            "pos": 237,
            "end": 270,
            "flags": 0,
            "name": {
              "kind": 69,
              "pos": 237,
              "end": 251,
              "flags": 0,
              "text": "animations"
            },
            "initializer": {
              "kind": 170,
              "pos": 252,
              "end": 270,
              "flags": 0,
              "multiLine": true,
              "elements": [
                {
                  "kind": 69,
                  "pos": 254,
                  "end": 265,
                  "flags": 0,
                  "text": "flyIn"
                }
              ]
            }
          }
        ]
      }
    ],
    "imports": [
      {
        "name": "CommonModule"
      },
      {
        "name": "AccordionModule"
      },
      {
        "name": "SharedModule"
      },
      {
        "name": "PostSharedModule"
      },
      {
        "ns": "RouterModule",
        "name": "RouterModule.forChild(args)"
      }
    ],
    "exports": [
      {
        "name": "ManageMainComponent"
      }
    ],
    "bootstrap": [],
    "__raw": [
      {
        "kind": 253,
        "pos": 665,
        "end": 763,
        "flags": 0,
        "name": {
          "kind": 69,
          "pos": 665,
          "end": 681,
          "flags": 0,
          "text": "declarations"
        },
        "initializer": {
          "kind": 170,
          "pos": 682,
          "end": 763,
          "flags": 0,
          "multiLine": true,
          "elements": [
            {
              "kind": 69,
              "pos": 684,
              "end": 709,
              "flags": 0,
              "text": "ManageMainComponent"
            },
            {
              "kind": 69,
              "pos": 710,
              "end": 734,
              "flags": 0,
              "text": "UserTableComponent"
            },
            {
              "kind": 69,
              "pos": 735,
              "end": 758,
              "flags": 0,
              "text": "SysParamComponent"
            }
          ]
        }
      },
      {
        "kind": 253,
        "pos": 764,
        "end": 906,
        "flags": 0,
        "name": {
          "kind": 69,
          "pos": 764,
          "end": 775,
          "flags": 0,
          "text": "imports"
        },
        "initializer": {
          "kind": 170,
          "pos": 776,
          "end": 906,
          "flags": 0,
          "multiLine": true,
          "elements": [
            {
              "kind": 69,
              "pos": 778,
              "end": 795,
              "flags": 0,
              "text": "CommonModule"
            },
            {
              "kind": 69,
              "pos": 796,
              "end": 817,
              "flags": 0,
              "text": "AccordionModule"
            },
            {
              "kind": 69,
              "pos": 818,
              "end": 836,
              "flags": 0,
              "text": "SharedModule"
            },
            {
              "kind": 69,
              "pos": 837,
              "end": 859,
              "flags": 0,
              "text": "PostSharedModule"
            },
            {
              "kind": 174,
              "pos": 860,
              "end": 901,
              "flags": 0,
              "expression": {
                "kind": 172,
                "pos": 860,
                "end": 887,
                "flags": 0,
                "expression": {
                  "kind": 69,
                  "pos": 860,
                  "end": 878,
                  "flags": 0,
                  "text": "RouterModule"
                },
                "name": {
                  "kind": 69,
                  "pos": 879,
                  "end": 887,
                  "flags": 0,
                  "text": "forChild"
                }
              },
              "arguments": [
                {
                  "kind": 69,
                  "pos": 888,
                  "end": 900,
                  "flags": 0,
                  "text": "manageRoutes"
                }
              ]
            }
          ]
        }
      },
      {
        "kind": 253,
        "pos": 907,
        "end": 949,
        "flags": 0,
        "name": {
          "kind": 69,
          "pos": 907,
          "end": 918,
          "flags": 0,
          "text": "exports"
        },
        "initializer": {
          "kind": 170,
          "pos": 919,
          "end": 949,
          "flags": 0,
          "multiLine": true,
          "elements": [
            {
              "kind": 69,
              "pos": 920,
              "end": 944,
              "flags": 0,
              "text": "ManageMainComponent"
            }
          ]
        }
      },
      {
        "kind": 253,
        "pos": 950,
        "end": 993,
        "flags": 0,
        "name": {
          "kind": 69,
          "pos": 950,
          "end": 963,
          "flags": 0,
          "text": "providers"
        },
        "initializer": {
          "kind": 170,
          "pos": 964,
          "end": 993,
          "flags": 0,
          "multiLine": true,
          "elements": [
            {
              "kind": 69,
              "pos": 966,
              "end": 988,
              "flags": 0,
              "text": "PostTableService"
            }
          ]
        }
      }
    ]
  },
  {
    "name": "PostModule",
    "file": "app/blog/post/post.module.ts",
    "providers": [
      {
        "name": "PostlistService"
      },
      {
        "name": "PostDetailService"
      },
      {
        "name": "CommentService"
      }
    ],
    "declarations": [
      {
        "name": "PostlistComponent",
        "file": "post/postlist/postlist.component.ts",
        "selector": "postlist",
        "providers": [],
        "templateUrl": [
          "postlist.component.html"
        ],
        "styleUrls": [
          "postlist.component.scss"
        ],
        "__raw": [
          {
            "kind": 253,
            "pos": 379,
            "end": 407,
            "flags": 0,
            "name": {
              "kind": 69,
              "pos": 379,
              "end": 391,
              "flags": 0,
              "text": "selector"
            },
            "initializer": {
              "kind": 9,
              "pos": 392,
              "end": 407,
              "flags": 0,
              "text": "postlist"
            }
          },
          {
            "kind": 253,
            "pos": 408,
            "end": 452,
            "flags": 0,
            "name": {
              "kind": 69,
              "pos": 408,
              "end": 423,
              "flags": 0,
              "text": "templateUrl"
            },
            "initializer": {
              "kind": 9,
              "pos": 424,
              "end": 452,
              "flags": 0,
              "text": "./postlist.component.html"
            }
          },
          {
            "kind": 253,
            "pos": 453,
            "end": 497,
            "flags": 0,
            "name": {
              "kind": 69,
              "pos": 453,
              "end": 466,
              "flags": 0,
              "text": "styleUrls"
            },
            "initializer": {
              "kind": 170,
              "pos": 467,
              "end": 497,
              "flags": 0,
              "elements": [
                {
                  "kind": 9,
                  "pos": 469,
                  "end": 496,
                  "flags": 0,
                  "text": "./postlist.component.scss"
                }
              ]
            }
          }
        ]
      },
      {
        "name": "PostDetailMainComponent",
        "file": "post/post-detail-main/post-detail-main.component.ts",
        "selector": "post-detail-main",
        "providers": [],
        "templateUrl": [
          "post-detail-main.component.html"
        ],
        "styleUrls": [
          "post-detail-main.component.scss"
        ],
        "__raw": [
          {
            "kind": 253,
            "pos": 194,
            "end": 230,
            "flags": 0,
            "name": {
              "kind": 69,
              "pos": 194,
              "end": 206,
              "flags": 0,
              "text": "selector"
            },
            "initializer": {
              "kind": 9,
              "pos": 207,
              "end": 230,
              "flags": 0,
              "text": "post-detail-main"
            }
          },
          {
            "kind": 253,
            "pos": 231,
            "end": 283,
            "flags": 0,
            "name": {
              "kind": 69,
              "pos": 231,
              "end": 246,
              "flags": 0,
              "text": "templateUrl"
            },
            "initializer": {
              "kind": 9,
              "pos": 247,
              "end": 283,
              "flags": 0,
              "text": "./post-detail-main.component.html"
            }
          },
          {
            "kind": 253,
            "pos": 284,
            "end": 336,
            "flags": 0,
            "name": {
              "kind": 69,
              "pos": 284,
              "end": 297,
              "flags": 0,
              "text": "styleUrls"
            },
            "initializer": {
              "kind": 170,
              "pos": 298,
              "end": 336,
              "flags": 0,
              "elements": [
                {
                  "kind": 9,
                  "pos": 300,
                  "end": 335,
                  "flags": 0,
                  "text": "./post-detail-main.component.scss"
                }
              ]
            }
          },
          {
            "kind": 253,
            "pos": 337,
            "end": 370,
            "flags": 0,
            "name": {
              "kind": 69,
              "pos": 337,
              "end": 351,
              "flags": 0,
              "text": "animations"
            },
            "initializer": {
              "kind": 170,
              "pos": 352,
              "end": 370,
              "flags": 0,
              "multiLine": true,
              "elements": [
                {
                  "kind": 69,
                  "pos": 354,
                  "end": 365,
                  "flags": 0,
                  "text": "flyIn"
                }
              ]
            }
          }
        ]
      },
      {
        "name": "PostDetailComponent",
        "file": "post/post-detail/post-detail.component.ts",
        "selector": "post-detail",
        "providers": [],
        "templateUrl": [
          "post-detail.component.html"
        ],
        "styleUrls": [
          "post-detail.component.scss"
        ],
        "__raw": [
          {
            "kind": 253,
            "pos": 249,
            "end": 280,
            "flags": 0,
            "name": {
              "kind": 69,
              "pos": 249,
              "end": 261,
              "flags": 0,
              "text": "selector"
            },
            "initializer": {
              "kind": 9,
              "pos": 262,
              "end": 280,
              "flags": 0,
              "text": "post-detail"
            }
          },
          {
            "kind": 253,
            "pos": 281,
            "end": 328,
            "flags": 0,
            "name": {
              "kind": 69,
              "pos": 281,
              "end": 296,
              "flags": 0,
              "text": "templateUrl"
            },
            "initializer": {
              "kind": 9,
              "pos": 297,
              "end": 328,
              "flags": 0,
              "text": "./post-detail.component.html"
            }
          },
          {
            "kind": 253,
            "pos": 329,
            "end": 376,
            "flags": 0,
            "name": {
              "kind": 69,
              "pos": 329,
              "end": 342,
              "flags": 0,
              "text": "styleUrls"
            },
            "initializer": {
              "kind": 170,
              "pos": 343,
              "end": 376,
              "flags": 0,
              "elements": [
                {
                  "kind": 9,
                  "pos": 345,
                  "end": 375,
                  "flags": 0,
                  "text": "./post-detail.component.scss"
                }
              ]
            }
          }
        ]
      },
      {
        "name": "AddCommentComponent",
        "file": "comment/add-comment/add-comment.component.ts",
        "selector": "add-comment",
        "providers": [],
        "templateUrl": [
          "add-comment.component.html"
        ],
        "styleUrls": [
          "add-comment.component.scss"
        ],
        "__raw": [
          {
            "kind": 253,
            "pos": 249,
            "end": 280,
            "flags": 0,
            "name": {
              "kind": 69,
              "pos": 249,
              "end": 261,
              "flags": 0,
              "text": "selector"
            },
            "initializer": {
              "kind": 9,
              "pos": 262,
              "end": 280,
              "flags": 0,
              "text": "add-comment"
            }
          },
          {
            "kind": 253,
            "pos": 281,
            "end": 328,
            "flags": 0,
            "name": {
              "kind": 69,
              "pos": 281,
              "end": 296,
              "flags": 0,
              "text": "templateUrl"
            },
            "initializer": {
              "kind": 9,
              "pos": 297,
              "end": 328,
              "flags": 0,
              "text": "./add-comment.component.html"
            }
          },
          {
            "kind": 253,
            "pos": 329,
            "end": 376,
            "flags": 0,
            "name": {
              "kind": 69,
              "pos": 329,
              "end": 342,
              "flags": 0,
              "text": "styleUrls"
            },
            "initializer": {
              "kind": 170,
              "pos": 343,
              "end": 376,
              "flags": 0,
              "elements": [
                {
                  "kind": 9,
                  "pos": 345,
                  "end": 375,
                  "flags": 0,
                  "text": "./add-comment.component.scss"
                }
              ]
            }
          }
        ]
      }
    ],
    "imports": [
      {
        "name": "SharedModule"
      },
      {
        "name": "RouterModule"
      },
      {
        "ns": "PaginationModule",
        "name": "PaginationModule.forRoot()"
      },
      {
        "ns": "RouterModule",
        "name": "RouterModule.forChild(args)"
      }
    ],
    "exports": [],
    "bootstrap": [],
    "__raw": [
      {
        "kind": 253,
        "pos": 803,
        "end": 952,
        "flags": 0,
        "name": {
          "kind": 69,
          "pos": 803,
          "end": 816,
          "flags": 0,
          "text": "imports"
        },
        "initializer": {
          "kind": 170,
          "pos": 817,
          "end": 952,
          "flags": 0,
          "multiLine": true,
          "elements": [
            {
              "kind": 69,
              "pos": 819,
              "end": 841,
              "flags": 0,
              "text": "SharedModule"
            },
            {
              "kind": 69,
              "pos": 842,
              "end": 864,
              "flags": 0,
              "text": "RouterModule"
            },
            {
              "kind": 174,
              "pos": 865,
              "end": 901,
              "flags": 0,
              "expression": {
                "kind": 172,
                "pos": 865,
                "end": 899,
                "flags": 0,
                "expression": {
                  "kind": 69,
                  "pos": 865,
                  "end": 891,
                  "flags": 0,
                  "text": "PaginationModule"
                },
                "name": {
                  "kind": 69,
                  "pos": 892,
                  "end": 899,
                  "flags": 0,
                  "text": "forRoot"
                }
              },
              "arguments": []
            },
            {
              "kind": 174,
              "pos": 902,
              "end": 945,
              "flags": 0,
              "expression": {
                "kind": 172,
                "pos": 902,
                "end": 933,
                "flags": 0,
                "expression": {
                  "kind": 69,
                  "pos": 902,
                  "end": 924,
                  "flags": 0,
                  "text": "RouterModule"
                },
                "name": {
                  "kind": 69,
                  "pos": 925,
                  "end": 933,
                  "flags": 0,
                  "text": "forChild"
                }
              },
              "arguments": [
                {
                  "kind": 69,
                  "pos": 934,
                  "end": 944,
                  "flags": 0,
                  "text": "postRoutes"
                }
              ]
            }
          ]
        }
      },
      {
        "kind": 253,
        "pos": 953,
        "end": 970,
        "flags": 0,
        "name": {
          "kind": 69,
          "pos": 953,
          "end": 966,
          "flags": 0,
          "text": "exports"
        },
        "initializer": {
          "kind": 170,
          "pos": 967,
          "end": 970,
          "flags": 0,
          "elements": []
        }
      },
      {
        "kind": 253,
        "pos": 971,
        "end": 1120,
        "flags": 0,
        "name": {
          "kind": 69,
          "pos": 971,
          "end": 989,
          "flags": 0,
          "text": "declarations"
        },
        "initializer": {
          "kind": 170,
          "pos": 990,
          "end": 1120,
          "flags": 0,
          "multiLine": true,
          "elements": [
            {
              "kind": 69,
              "pos": 992,
              "end": 1019,
              "flags": 0,
              "text": "PostlistComponent"
            },
            {
              "kind": 69,
              "pos": 1020,
              "end": 1053,
              "flags": 0,
              "text": "PostDetailMainComponent"
            },
            {
              "kind": 69,
              "pos": 1054,
              "end": 1083,
              "flags": 0,
              "text": "PostDetailComponent"
            },
            {
              "kind": 69,
              "pos": 1084,
              "end": 1113,
              "flags": 0,
              "text": "AddCommentComponent"
            }
          ]
        }
      },
      {
        "kind": 253,
        "pos": 1121,
        "end": 1224,
        "flags": 0,
        "name": {
          "kind": 69,
          "pos": 1121,
          "end": 1136,
          "flags": 0,
          "text": "providers"
        },
        "initializer": {
          "kind": 170,
          "pos": 1137,
          "end": 1224,
          "flags": 0,
          "multiLine": true,
          "elements": [
            {
              "kind": 69,
              "pos": 1139,
              "end": 1164,
              "flags": 0,
              "text": "PostlistService"
            },
            {
              "kind": 69,
              "pos": 1165,
              "end": 1192,
              "flags": 0,
              "text": "PostDetailService"
            },
            {
              "kind": 69,
              "pos": 1193,
              "end": 1217,
              "flags": 0,
              "text": "CommentService"
            }
          ]
        }
      }
    ]
  },
  {
    "name": "UserModule",
    "file": "app/user/user.module.ts",
    "providers": [
      {
        "name": "PostTableService"
      }
    ],
    "declarations": [
      {
        "name": "UserMainComponent",
        "file": "user/user-main/user-main.component.ts",
        "selector": "user-main",
        "providers": [],
        "templateUrl": [
          "user-main.component.html"
        ],
        "styleUrls": [
          "user-main.component.scss"
        ],
        "__raw": [
          {
            "kind": 253,
            "pos": 115,
            "end": 144,
            "flags": 0,
            "name": {
              "kind": 69,
              "pos": 115,
              "end": 127,
              "flags": 0,
              "text": "selector"
            },
            "initializer": {
              "kind": 9,
              "pos": 128,
              "end": 144,
              "flags": 0,
              "text": "user-main"
            }
          },
          {
            "kind": 253,
            "pos": 145,
            "end": 190,
            "flags": 0,
            "name": {
              "kind": 69,
              "pos": 145,
              "end": 160,
              "flags": 0,
              "text": "templateUrl"
            },
            "initializer": {
              "kind": 9,
              "pos": 161,
              "end": 190,
              "flags": 0,
              "text": "./user-main.component.html"
            }
          },
          {
            "kind": 253,
            "pos": 191,
            "end": 236,
            "flags": 0,
            "name": {
              "kind": 69,
              "pos": 191,
              "end": 204,
              "flags": 0,
              "text": "styleUrls"
            },
            "initializer": {
              "kind": 170,
              "pos": 205,
              "end": 236,
              "flags": 0,
              "elements": [
                {
                  "kind": 9,
                  "pos": 207,
                  "end": 235,
                  "flags": 0,
                  "text": "./user-main.component.scss"
                }
              ]
            }
          },
          {
            "kind": 253,
            "pos": 237,
            "end": 270,
            "flags": 0,
            "name": {
              "kind": 69,
              "pos": 237,
              "end": 251,
              "flags": 0,
              "text": "animations"
            },
            "initializer": {
              "kind": 170,
              "pos": 252,
              "end": 270,
              "flags": 0,
              "multiLine": true,
              "elements": [
                {
                  "kind": 69,
                  "pos": 254,
                  "end": 265,
                  "flags": 0,
                  "text": "flyIn"
                }
              ]
            }
          }
        ]
      },
      {
        "name": "UserProfileComponent",
        "file": "user/user-profile/user-profile.component.ts",
        "selector": "user-profile",
        "providers": [],
        "templateUrl": [
          "user-profile.component.html"
        ],
        "styleUrls": [
          "user-profile.component.scss"
        ],
        "__raw": [
          {
            "kind": 253,
            "pos": 66,
            "end": 98,
            "flags": 0,
            "name": {
              "kind": 69,
              "pos": 66,
              "end": 78,
              "flags": 0,
              "text": "selector"
            },
            "initializer": {
              "kind": 9,
              "pos": 79,
              "end": 98,
              "flags": 0,
              "text": "user-profile"
            }
          },
          {
            "kind": 253,
            "pos": 99,
            "end": 147,
            "flags": 0,
            "name": {
              "kind": 69,
              "pos": 99,
              "end": 114,
              "flags": 0,
              "text": "templateUrl"
            },
            "initializer": {
              "kind": 9,
              "pos": 115,
              "end": 147,
              "flags": 0,
              "text": "./user-profile.component.html"
            }
          },
          {
            "kind": 253,
            "pos": 148,
            "end": 196,
            "flags": 0,
            "name": {
              "kind": 69,
              "pos": 148,
              "end": 161,
              "flags": 0,
              "text": "styleUrls"
            },
            "initializer": {
              "kind": 170,
              "pos": 162,
              "end": 196,
              "flags": 0,
              "elements": [
                {
                  "kind": 9,
                  "pos": 164,
                  "end": 195,
                  "flags": 0,
                  "text": "./user-profile.component.scss"
                }
              ]
            }
          }
        ]
      },
      {
        "name": "WritePostComponent",
        "file": "post/write-post/write-post.component.ts",
        "selector": "write-post",
        "providers": [],
        "templateUrl": [
          "write-post.component.html"
        ],
        "styleUrls": [
          "write-post.component.scss"
        ],
        "__raw": [
          {
            "kind": 253,
            "pos": 140,
            "end": 170,
            "flags": 0,
            "name": {
              "kind": 69,
              "pos": 140,
              "end": 152,
              "flags": 0,
              "text": "selector"
            },
            "initializer": {
              "kind": 9,
              "pos": 153,
              "end": 170,
              "flags": 0,
              "text": "write-post"
            }
          },
          {
            "kind": 253,
            "pos": 171,
            "end": 217,
            "flags": 0,
            "name": {
              "kind": 69,
              "pos": 171,
              "end": 186,
              "flags": 0,
              "text": "templateUrl"
            },
            "initializer": {
              "kind": 9,
              "pos": 187,
              "end": 217,
              "flags": 0,
              "text": "./write-post.component.html"
            }
          },
          {
            "kind": 253,
            "pos": 218,
            "end": 264,
            "flags": 0,
            "name": {
              "kind": 69,
              "pos": 218,
              "end": 231,
              "flags": 0,
              "text": "styleUrls"
            },
            "initializer": {
              "kind": 170,
              "pos": 232,
              "end": 264,
              "flags": 0,
              "elements": [
                {
                  "kind": 9,
                  "pos": 234,
                  "end": 263,
                  "flags": 0,
                  "text": "./write-post.component.scss"
                }
              ]
            }
          },
          {
            "kind": 253,
            "pos": 265,
            "end": 298,
            "flags": 0,
            "name": {
              "kind": 69,
              "pos": 265,
              "end": 279,
              "flags": 0,
              "text": "animations"
            },
            "initializer": {
              "kind": 170,
              "pos": 280,
              "end": 298,
              "flags": 0,
              "multiLine": true,
              "elements": [
                {
                  "kind": 69,
                  "pos": 282,
                  "end": 293,
                  "flags": 0,
                  "text": "flyIn"
                }
              ]
            }
          }
        ]
      }
    ],
    "imports": [
      {
        "name": "CommonModule"
      },
      {
        "name": "AlertModule"
      },
      {
        "name": "AccordionModule"
      },
      {
        "name": "SharedModule"
      },
      {
        "name": "PostSharedModule"
      },
      {
        "ns": "RouterModule",
        "name": "RouterModule.forChild(args)"
      }
    ],
    "exports": [
      {
        "name": "UserMainComponent"
      }
    ],
    "bootstrap": [],
    "__raw": [
      {
        "kind": 253,
        "pos": 731,
        "end": 830,
        "flags": 0,
        "name": {
          "kind": 69,
          "pos": 731,
          "end": 747,
          "flags": 0,
          "text": "declarations"
        },
        "initializer": {
          "kind": 170,
          "pos": 748,
          "end": 830,
          "flags": 0,
          "multiLine": true,
          "elements": [
            {
              "kind": 69,
              "pos": 750,
              "end": 773,
              "flags": 0,
              "text": "UserMainComponent"
            },
            {
              "kind": 69,
              "pos": 774,
              "end": 800,
              "flags": 0,
              "text": "UserProfileComponent"
            },
            {
              "kind": 69,
              "pos": 801,
              "end": 825,
              "flags": 0,
              "text": "WritePostComponent"
            }
          ]
        }
      },
      {
        "kind": 253,
        "pos": 831,
        "end": 989,
        "flags": 0,
        "name": {
          "kind": 69,
          "pos": 831,
          "end": 842,
          "flags": 0,
          "text": "imports"
        },
        "initializer": {
          "kind": 170,
          "pos": 843,
          "end": 989,
          "flags": 0,
          "multiLine": true,
          "elements": [
            {
              "kind": 69,
              "pos": 845,
              "end": 862,
              "flags": 0,
              "text": "CommonModule"
            },
            {
              "kind": 69,
              "pos": 863,
              "end": 880,
              "flags": 0,
              "text": "AlertModule"
            },
            {
              "kind": 69,
              "pos": 881,
              "end": 902,
              "flags": 0,
              "text": "AccordionModule"
            },
            {
              "kind": 69,
              "pos": 903,
              "end": 921,
              "flags": 0,
              "text": "SharedModule"
            },
            {
              "kind": 69,
              "pos": 922,
              "end": 944,
              "flags": 0,
              "text": "PostSharedModule"
            },
            {
              "kind": 174,
              "pos": 945,
              "end": 984,
              "flags": 0,
              "expression": {
                "kind": 172,
                "pos": 945,
                "end": 972,
                "flags": 0,
                "expression": {
                  "kind": 69,
                  "pos": 945,
                  "end": 963,
                  "flags": 0,
                  "text": "RouterModule"
                },
                "name": {
                  "kind": 69,
                  "pos": 964,
                  "end": 972,
                  "flags": 0,
                  "text": "forChild"
                }
              },
              "arguments": [
                {
                  "kind": 69,
                  "pos": 973,
                  "end": 983,
                  "flags": 0,
                  "text": "userRoutes"
                }
              ]
            }
          ]
        }
      },
      {
        "kind": 253,
        "pos": 990,
        "end": 1030,
        "flags": 0,
        "name": {
          "kind": 69,
          "pos": 990,
          "end": 1001,
          "flags": 0,
          "text": "exports"
        },
        "initializer": {
          "kind": 170,
          "pos": 1002,
          "end": 1030,
          "flags": 0,
          "multiLine": true,
          "elements": [
            {
              "kind": 69,
              "pos": 1003,
              "end": 1025,
              "flags": 0,
              "text": "UserMainComponent"
            }
          ]
        }
      },
      {
        "kind": 253,
        "pos": 1031,
        "end": 1074,
        "flags": 0,
        "name": {
          "kind": 69,
          "pos": 1031,
          "end": 1044,
          "flags": 0,
          "text": "providers"
        },
        "initializer": {
          "kind": 170,
          "pos": 1045,
          "end": 1074,
          "flags": 0,
          "multiLine": true,
          "elements": [
            {
              "kind": 69,
              "pos": 1047,
              "end": 1069,
              "flags": 0,
              "text": "PostTableService"
            }
          ]
        }
      }
    ]
  }
]